latitude,longitude,altitude,geometry,HID,Type,Kodomo,Name,Label,AgeS,AgeE,Full,Open,Close,H24,Memo,Extra,Temp,Holiday,Night,Add1,Add2,TEL,FAX,Owner,Ownership,Proof,Shanai,Y,X,url,Vacancy,VacancyDate
35.652889,139.335726,,Point,1001,認可保育所,,八王子市立子安保育園,八王子市立子安保育園,1歳,,85,07:30,18:30,,祝日及び12/29～1/3は休園、延長保育19：00まで,,Y,,,八王子市,子安町四丁目31ｰ1,,,八王子市,公,,,35.652889,139.335726,http://www.city.hachioji.tokyo.jp/kurashi/kosodate/003/001/hoikujyoitiran/p001284.html,,
35.658824,139.310088,,Point,1002,認可保育所,,八王子市立千人保育園,八王子市立千人保育園,1歳,,100,07:30,18:30,,祝日及び12/29～1/3は休園、延長保育19：00まで,,Y,,,八王子市,千人町三丁目5ｰ17,,,八王子市,公,,,35.658824,139.310088,http://www.city.hachioji.tokyo.jp/kurashi/kosodate/003/001/hoikujyoitiran/p001209.html,,
35.643057,139.274417,,Point,1003,認可保育所,,八王子市立高尾保育園,八王子市立高尾保育園,1歳,,95,07:30,18:30,,祝日及び12/29～1/3は休園、延長保育19：00まで,,,,,八王子市,高尾町1737,,,八王子市,公,,,35.643057,139.274417,http://www.city.hachioji.tokyo.jp/kurashi/kosodate/003/001/hoikujyoitiran/p001288.html,,
35.671179,139.254426,,Point,1004,認可保育所,,八王子市立恩方保育園,八王子市立恩方保育園,1歳,,95,07:30,18:30,,祝日及び12/29～1/3は休園、延長保育19：00まで,,,,,八王子市,下恩方町1314,,,八王子市,公,,,35.671179,139.254426,http://www.city.hachioji.tokyo.jp/kurashi/kosodate/003/001/hoikujyoitiran/p001278.html,,
35.669308,139.346013,,Point,1005,認可保育所,,八王子市立富士見台保育園,八王子市立富士見台保育園,1歳,,60,07:30,18:30,,祝日及び12/29～1/3は休園、延長保育19：00まで,,,,,八王子市,富士見町21ｰ1,,,八王子市,公,,,35.669308,139.346013,http://www.city.hachioji.tokyo.jp/kurashi/kosodate/003/001/hoikujyoitiran/p001253.html,,
35.674221,139.321064,,Point,1006,認可保育所,,八王子市立津久田保育園,八王子市立津久田保育園,産休明け,,100,07:30,18:30,,祝日及び12/29～1/3は休園、延長保育19：00まで,,Y,,,八王子市,中野山王三丁目22-3,,,八王子市,公,,,35.674221,139.321064,http://www.city.hachioji.tokyo.jp/kurashi/kosodate/003/001/hoikujyoitiran/p001275.html,,
35.6562,139.294711,,Point,1007,認可保育所,,八王子市立長房中央保育園,八王子市立長房中央保育園,産休明け,,100,07:30,18:30,,祝日及び12/29～1/3は休園、延長保育19：00まで,,,,,八王子市,長房町588 ,,,八王子市,公,,,35.6562,139.294711,http://www.city.hachioji.tokyo.jp/kurashi/kosodate/003/001/hoikujyoitiran/p001256.html,,
35.650003,139.35407,,Point,1008,認可保育所,,八王子市立北野保育園,八王子市立北野保育園,1歳,,100,07:30,18:30,,祝日及び12/29～1/3は休園、延長保育19：00まで,,,,,八王子市,北野町570ｰ12,,,八王子市,公,,,35.650003,139.35407,http://www.city.hachioji.tokyo.jp/kurashi/kosodate/003/001/hoikujyoitiran/p001254.html,,
35.670583,139.289338,,Point,1009,認可保育所,,八王子市立元八王子保育園,八王子市立元八王子保育園,1歳,,100,07:30,18:30,,祝日及び12/29～1/3は休園、延長保育19：00まで,,Y,,,八王子市,弐分方町739,,,八王子市,公,,,35.670583,139.289338,http://www.city.hachioji.tokyo.jp/kurashi/kosodate/003/001/hoikujyoitiran/p001281.html,,
35.63116,139.3239,,Point,1010,認可保育所,,八王子市立みなみ野保育園,八王子市立みなみ野保育園,産休明け,,100,07:30,18:30,,祝日及び12/29～1/3は休園、延長保育19：30まで,,Y,,,八王子市,みなみ野六丁目1ｰ1,,,八王子市,公,,,35.63116,139.3239,http://www.city.hachioji.tokyo.jp/kurashi/kosodate/003/001/hoikujyoitiran/p001255.html,,
35.666753,139.324828,,Point,1011,認可保育所,,八王子市立中野保育園,八王子市立中野保育園,1歳,,85,07:30,18:30,,祝日及び12/29～1/3は休園、延長保育19：00まで,,,,,八王子市,中野上町一丁目22ｰ11,,,社会福祉法人公徳福祉会,公,,,35.666753,139.324828,http://www.city.hachioji.tokyo.jp/kurashi/kosodate/003/001/hoikujyoitiran/p001249.html,,
35.671202,139.36134,,Point,1012,認可保育所,,八王子市立石川保育園,八王子市立石川保育園,1歳,,85,07:30,18:30,,祝日及び12/29～1/3は休園、延長保育19：00まで,,,,,八王子市,石川町2966ｰ8,,,社会福祉法人多摩養育園,公,,,35.671202,139.36134,http://www.city.hachioji.tokyo.jp/kurashi/kosodate/003/001/hoikujyoitiran/p001208.html,,
35.665291,139.333085,,Point,1013,認可保育所,,八王子市立静教保育園,八王子市立静教保育園,1歳,,65,07:30,18:30,,祝日及び12/29～1/3は休園、延長保育19：00まで,,,,,八王子市,元横山町三丁目19ｰ13,,,社会福祉法人太和会,公,,,35.665291,139.333085,http://www.city.hachioji.tokyo.jp/kurashi/kosodate/003/001/hoikujyoitiran/p001250.html,,
35.66344,139.315344,,Point,1014,認可保育所,,八王子市立多賀保育園,八王子市立多賀保育園,1歳,,80,07:30,18:30,,祝日及び12/29～1/3は休園、延長保育19：00まで,,,,,八王子市,元本郷町三丁目8ｰ16,,,社会福祉法人愛和会,公,,,35.66344,139.315344,http://www.city.hachioji.tokyo.jp/kurashi/kosodate/003/001/hoikujyoitiran/p001251.html,,
35.653931,139.296702,,Point,1015,認可保育所,,八王子市立長房南保育園,八王子市立長房南保育園,1歳,,80,07:30,18:30,,祝日及び12/29～1/3は休園、延長保育19：00まで,,,,,八王子市,長房町520,,,社会福祉法人多摩養育園,公,,,35.653931,139.296702,http://www.city.hachioji.tokyo.jp/kurashi/kosodate/003/001/hoikujyoitiran/p001257.html,,
35.654754,139.289796,,Point,1016,認可保育所,,八王子市立長房西保育園,八王子市立長房西保育園,産休明け,,100,07:30,18:30,,祝日及び12/29～1/3は休園、延長保育19：00まで,,Y,,,八王子市,長房町588,,,社会福祉法人相友会,公,,,35.654754,139.289796,http://www.city.hachioji.tokyo.jp/kurashi/kosodate/003/001/hoikujyoitiran/p001258.html,,
35.661785,139.320458,,Point,1017,認可保育所,,光明第一保育園,光明第一保育園,産休明け,,350,07:00,18:00,,祝日及び12/29～1/3は休園、延長保育19:00まで,,Y,,,八王子市,八木町8-11,,,社会福祉法人多摩養育園,私,,,35.661785,139.320458,http://www.city.hachioji.tokyo.jp/kurashi/kosodate/003/001/hoikujyoitiran/p001265.html,,
35.682934,139.309406,,Point,1018,認可保育所,,光明第三保育園,光明第三保育園,産休明け,,130,07:30,18:30,,祝日及び12/29～1/3は休園、延長保育19:00まで,,Y,,,八王子市,楢原町971,,,社会福祉法人多摩養育園,私,,,35.682934,139.309406,http://www.city.hachioji.tokyo.jp/kurashi/kosodate/003/001/hoikujyoitiran/p001265.html,,
35.671897,139.302884,,Point,1019,認可保育所,,八王子隣保館保育園,八王子隣保館保育園,産休明け,,80,07:30,18:30,,祝日及び12/29～1/3は休園、延長保育19:30まで,,Y,,,八王子市,叶谷町1133,,,社会福祉法人東京都福祉事業協会,私,,,35.671897,139.302884,http://www.city.hachioji.tokyo.jp/kurashi/kosodate/003/001/hoikujyoitiran/p001265.html,,
35.658977,139.341976,,Point,1020,認可保育所,,船森保育園,船森保育園,2歳,,140,07:00,18:00,,祝日及び12/29～1/3は休園、延長保育19:00まで,,,,,八王子市,明神町四丁目9-1,,,（個人立）,私,,,35.658977,139.341976,http://www.city.hachioji.tokyo.jp/kurashi/kosodate/003/001/hoikujyoitiran/p001265.html,,
35.659114,139.350275,,Point,1021,認可保育所,,八王子共励保育園,八王子共励保育園,産休明け,,278,07:00,18:00,,祝日及び12/29～1/3は休園、延長保育19:00まで,,,,,八王子市,明神町一丁目9-20,,,社会福祉法人同志舎,私,,,35.659114,139.350275,http://www.city.hachioji.tokyo.jp/kurashi/kosodate/003/001/hoikujyoitiran/p001265.html,,
35.641349,139.33854,,Point,1022,認可保育所,,由井さゆり保育園,由井さゆり保育園,産休明け,,130,07:30,18:30,,祝日及び12/29～1/3は休園、延長保育19:30まで,,,,,八王子市,片倉町2436,,,社会福祉法人愛信芳主会,私,,,35.641349,139.33854,http://www.city.hachioji.tokyo.jp/kurashi/kosodate/003/001/hoikujyoitiran/p001265.html,,
35.654874,139.308768,,Point,1023,認可保育所,,多摩文化保育園,多摩文化保育園,1歳,,100,07:00,18:00,,祝日及び12/29～1/3は休園、延長保育19:00まで,,,,,八王子市,千人町四丁目1-6,,,（個人立）,私,,,35.654874,139.308768,http://www.city.hachioji.tokyo.jp/kurashi/kosodate/003/001/hoikujyoitiran/p001265.html,,
35.658335,139.326635,,Point,1024,認可保育所,,桑都保育園,桑都保育園,産休明け,,100,07:30,18:30,,祝日及び12/29～1/3は休園、延長保育なし,,,,,八王子市,小門町7-18,,,社会福祉法人桑都会,私,,,35.658335,139.326635,http://www.city.hachioji.tokyo.jp/kurashi/kosodate/003/001/hoikujyoitiran/p001265.html,,
35.657721,139.323711,,Point,1025,認可保育所,,八王子ふたば保育園,八王子ふたば保育園,1歳,,60,07:00,18:00,,祝日及び12/29～1/3は休園、延長保育19:00まで,,Y,,,八王子市,台町四丁目4-14,,,（個人立）,私,,,35.657721,139.323711,http://www.city.hachioji.tokyo.jp/kurashi/kosodate/003/001/hoikujyoitiran/p001265.html,,
35.648842,139.340482,,Point,1026,認可保育所,,藤井保育園,藤井保育園,産休明け,,66,07:00,18:00,,祝日及び12/29～1/3は休園、延長保育19:00まで,,,,,八王子市,子安町二丁目23-25,,,社会福祉法人福愛会,私,,,35.648842,139.340482,http://www.city.hachioji.tokyo.jp/kurashi/kosodate/003/001/hoikujyoitiran/p001265.html,,
35.644231,139.28617,,Point,1027,認可保育所,,浅川保育園,浅川保育園,産休明け,,136,07:00,18:00,,祝日及び12/29～1/3は休園、延長保育18:30まで,,Y,,,八王子市,東浅川町968,,,社会福祉法人相友会,私,,,35.644231,139.28617,http://www.city.hachioji.tokyo.jp/kurashi/kosodate/003/001/hoikujyoitiran/p001265.html,,
35.676281,139.375861,,Point,1028,認可保育所,,多摩小ばと保育園,多摩小ばと保育園,産休明け,,123,07:30,18:30,,祝日及び12/29～1/3は休園、延長保育19:30まで,,,,,八王子市,石川町3279,,,社会福祉法人清諒会,私,,,35.676281,139.375861,http://www.city.hachioji.tokyo.jp/kurashi/kosodate/003/001/hoikujyoitiran/p001265.html,,
35.680132,139.319727,,Point,1029,認可保育所,,甲ノ原保育園,甲ノ原保育園,産休明け,,225,07:00,18:00,,祝日及び12/29～1/3は休園、延長保育19:00まで,,,,,八王子市,中野町2517-2,,,社会福祉法人菊清会,私,,,35.680132,139.319727,http://www.city.hachioji.tokyo.jp/kurashi/kosodate/003/001/hoikujyoitiran/p001265.html,,
35.663034,139.302857,,Point,1030,認可保育所,,光明第四保育園,光明第四保育園,産休明け,,145,07:00,18:00,,祝日及び12/29～1/3は休園、延長保育19:00まで,,,,,八王子市,横川町603,,,社会福祉法人多摩養育園,私,,,35.663034,139.302857,http://www.city.hachioji.tokyo.jp/kurashi/kosodate/003/001/hoikujyoitiran/p001265.html,,
35.641112,139.315954,,Point,1031,認可保育所,,光明第五保育園,光明第五保育園,産休明け,,100,07:30,18:30,,祝日及び12/29～1/3は休園、延長保育19:00まで,,,,,八王子市,山田町1688-2,,,社会福祉法人多摩養育園,私,,,35.641112,139.315954,http://www.city.hachioji.tokyo.jp/kurashi/kosodate/003/001/hoikujyoitiran/p001265.html,,
35.643335,139.363416,,Point,1032,認可保育所,,打越保育園,打越保育園,産休明け,,140,07:00,18:00,,祝日及び12/29～1/3は休園、延長保育19:00まで,,,,,八王子市,長沼町793,,,社会福祉法人打越保育園,私,,,35.643335,139.363416,http://www.city.hachioji.tokyo.jp/kurashi/kosodate/003/001/hoikujyoitiran/p001265.html,,
35.640641,139.342512,,Point,1033,認可保育所,,打越保育園分園,打越保育園分園,産休明け,,13,07:00,18:00,,祝日及び12/29～1/3は休園、延長保育なし,,,,,八王子市,片倉町717-4　,,,社会福祉法人打越保育園,私,,,35.640641,139.342512,http://www.city.hachioji.tokyo.jp/kurashi/kosodate/003/001/hoikujyoitiran/p001265.html,,
35.705235,139.309127,,Point,1034,認可保育所,,光明第七保育園,光明第七保育園,産休明け,,100,07:00,18:00,,祝日及び12/29～1/3は休園、延長保育19:00まで,,,,,八王子市,宮下町354,,,社会福祉法人多摩養育園,私,,,35.705235,139.309127,http://www.city.hachioji.tokyo.jp/kurashi/kosodate/003/001/hoikujyoitiran/p001265.html,,
35.694477,139.282311,,Point,1035,認可保育所,,共励第二保育園,共励第二保育園,産休明け,,215,07:00,18:00,,祝日及び12/29～1/3は休園、延長保育18:30まで,,,,,八王子市,川口町2631,,,社会福祉法人同志舎,私,,,35.694477,139.282311,http://www.city.hachioji.tokyo.jp/kurashi/kosodate/003/001/hoikujyoitiran/p001265.html,,
35.663258,139.351611,,Point,1036,認可保育所,,愛光大和田保育園,愛光大和田保育園,6か月,,79,07:30,18:30,,祝日及び12/29～1/3は休園、延長保育なし,,,,,八王子市,大和田町5-9-4,,,社会福祉法人愛光学舎,私,,,35.663258,139.351611,http://www.city.hachioji.tokyo.jp/kurashi/kosodate/003/001/hoikujyoitiran/p001265.html,,
35.664101,139.35193,,Point,1037,認可保育所,,愛光大和田保育園アネックス,愛光大和田保育園アネックス,1歳,,44,07:30,18:30,,祝日及び12/29～1/3は休園、延長保育なし,,,,,八王子市,大和田町五丁目11-18,,,社会福祉法人愛光学舎,私,,,35.664101,139.35193,http://www.city.hachioji.tokyo.jp/kurashi/kosodate/003/001/hoikujyoitiran/p001265.html,,
35.658661,139.343778,,Point,1038,認可保育所,,愛光大和田保育園ステーション,愛光大和田保育園ステーション,1歳,,25,07:30,18:30,,祝日及び12/29～1/3は休園、延長保育なし,,,,,八王子市,明神町四丁目5-3,,,社会福祉法人愛光学舎,私,,,35.658661,139.343778,http://www.city.hachioji.tokyo.jp/kurashi/kosodate/003/001/hoikujyoitiran/p001265.html,,
35.647378,139.303621,,Point,1039,認可保育所,,敬愛保育園,敬愛保育園,産休明け,,250,07:00,18:00,,祝日及び12/29～1/3は休園、延長保育19:00まで,,,,,八王子市,散田町五丁目35-5,,,社会福祉法人敬愛学園,私,,,35.647378,139.303621,http://www.city.hachioji.tokyo.jp/kurashi/kosodate/003/001/hoikujyoitiran/p001265.html,,
35.677884,139.288816,,Point,1040,認可保育所,,諏訪保育園,諏訪保育園,2歳,,214,07:30,18:30,,祝日及び12/29～1/3は休園、延長保育19:00まで,,Y,,,八王子市,諏訪町5,,,社会福祉法人相友会,私,,,35.677884,139.288816,http://www.city.hachioji.tokyo.jp/kurashi/kosodate/003/001/hoikujyoitiran/p001265.html,,
35.680551,139.285944,,Point,1041,認可保育所,,諏訪保育園のぞみ乳児園,諏訪保育園のぞみ乳児園,産休明け,,41,07:30,18:30,,祝日及び12/29～1/3は休園、延長保育なし,,,,,八王子市,上壱分方町422-1,,,社会福祉法人相友会,私,,,35.680551,139.285944,http://www.city.hachioji.tokyo.jp/kurashi/kosodate/003/001/hoikujyoitiran/p001265.html,,
35.63037,139.383418,,Point,1042,認可保育所,,由木保育園,由木保育園,産休明け,,135,07:00,18:00,,祝日及び12/29～1/3は休園、延長保育19:00まで,,,,,八王子市,下柚木15-1,,,社会福祉法人花窓堂,私,,,35.63037,139.383418,http://www.city.hachioji.tokyo.jp/kurashi/kosodate/003/001/hoikujyoitiran/p001265.html,,
35.657369,139.332304,,Point,1043,認可保育所,,まや保育園,まや保育園,産休明け,,100,07:00,18:00,,祝日及び12/29～1/3は休園、延長保育19:00まで,,,,,八王子市,寺町1,,,宗教法人妙経寺,私,,,35.657369,139.332304,http://www.city.hachioji.tokyo.jp/kurashi/kosodate/003/001/hoikujyoitiran/p001265.html,,
35.632908,139.2989,,Point,1044,認可保育所,,八王子ひまわり保育園,八王子ひまわり保育園,産休明け,,110,07:00,18:00,,祝日及び12/29～1/3は休園、延長保育19:00まで,,,,,八王子市,館町1629,,,社会福祉法人竜光会,私,,,35.632908,139.2989,http://www.city.hachioji.tokyo.jp/kurashi/kosodate/003/001/hoikujyoitiran/p001265.html,,
35.648103,139.316676,,Point,1045,認可保育所,,山田保育園,山田保育園,産休明け,,160,07:00,18:00,,祝日及び12/29～1/3は休園、延長保育20:00まで,,,,,八王子市,散田町二丁目46-11,,,社会福祉法人山田会,私,,,35.648103,139.316676,http://www.city.hachioji.tokyo.jp/kurashi/kosodate/003/001/hoikujyoitiran/p001265.html,,
35.680142,139.274665,,Point,1046,認可保育所,,ベテル保育園,ベテル保育園,産休明け,,80,07:15,18:15,,祝日及び12/29～1/3は休園、延長保育なし,,,,,八王子市,西寺方町716-2,,,社会福祉法人牧羊会,私,,,35.680142,139.274665,http://www.city.hachioji.tokyo.jp/kurashi/kosodate/003/001/hoikujyoitiran/p001265.html,,
35.665841,139.369323,,Point,1047,認可保育所,,敬愛高倉保育園,敬愛高倉保育園,産休明け,,100,07:00,18:00,,祝日及び12/29～1/3は休園、延長保育19:00まで,,,,,八王子市,高倉町47-2,,,社会福祉法人敬愛学園,私,,,35.665841,139.369323,http://www.city.hachioji.tokyo.jp/kurashi/kosodate/003/001/hoikujyoitiran/p001265.html,,
35.627414,139.287946,,Point,1048,認可保育所,,まごころ保育園,まごころ保育園,産休明け,,110,07:15,18:15,,祝日及び12/29～1/3は休園、延長保育なし,,Y,,,八王子市,館町1097-96,,,社会福祉法人八王子志成会,私,,,35.627414,139.287946,http://www.city.hachioji.tokyo.jp/kurashi/kosodate/003/001/hoikujyoitiran/p001265.html,,
35.641934,139.314026,,Point,1049,認可保育所,,めじろ保育園,めじろ保育園,6か月,,100,07:15,18:15,,祝日及び12/29～1/3は休園、延長保育18:45まで,,,,,八王子市,山田町1888-6,,,社会福祉法人めじろ会,私,,,35.641934,139.314026,http://www.city.hachioji.tokyo.jp/kurashi/kosodate/003/001/hoikujyoitiran/p001265.html,,
35.634762,139.423967,,Point,1050,認可保育所,,大塚保育園,大塚保育園,産休明け,,120,07:30,18:30,,祝日及び12/29～1/3は休園、延長保育19:00まで,,,,,八王子市,鹿島15,,,社会福祉法人のぞみの会,私,,,35.634762,139.423967,http://www.city.hachioji.tokyo.jp/kurashi/kosodate/003/001/hoikujyoitiran/p001265.html,,
35.636792,139.417057,,Point,1051,認可保育所,,大塚子どもふれあい館,大塚子どもふれあい館,産休明け,,24,07:30,18:30,,祝日及び12/29～1/3は休園、延長保育なし,,,,,八王子市,大塚620-7,,,社会福祉法人のぞみの会,私,,,35.636792,139.417057,http://www.city.hachioji.tokyo.jp/kurashi/kosodate/003/001/hoikujyoitiran/p001265.html,,
35.629524,139.413982,,Point,1052,認可保育所,,めぐみ第一保育園,めぐみ第一保育園,産休明け,,123,07:00,18:00,,祝日及び12/29～1/3は休園、延長保育19:00まで,,,,,八王子市,松が谷14,,,社会福祉法人公徳福祉会,私,,,35.629524,139.413982,http://www.city.hachioji.tokyo.jp/kurashi/kosodate/003/001/hoikujyoitiran/p001265.html,,
35.68229,139.293018,,Point,1053,認可保育所,,松枝保育園,松枝保育園,産休明け,,92,07:15,18:15,,祝日及び12/29～1/3は休園、延長保育18:45まで,,,,,八王子市,諏訪町1922-1,,,社会福祉法人いちご会,私,,,35.68229,139.293018,http://www.city.hachioji.tokyo.jp/kurashi/kosodate/003/001/hoikujyoitiran/p001265.html,,
35.656043,139.280412,,Point,1054,認可保育所,,城山保育園,城山保育園,産休明け,,110,07:30,18:30,,祝日及び12/29～1/3は休園、延長保育19:00まで,,Y,,,八王子市,元八王子町二丁目2025-2,,,社会福祉法人共栄会,私,,,35.656043,139.280412,http://www.city.hachioji.tokyo.jp/kurashi/kosodate/003/001/hoikujyoitiran/p001265.html,,
35.68713,139.2505,,Point,1055,認可保育所,,美山保育園,美山保育園,3か月,,70,07:15,18:15,,祝日及び12/29～1/3は休園、延長保育なし,,,,,八王子市,美山町1791-3,,,社会福祉法人太和会,私,,,35.68713,139.2505,http://www.city.hachioji.tokyo.jp/kurashi/kosodate/003/001/hoikujyoitiran/p001265.html,,
35.663579,139.319269,,Point,1056,認可保育所,,白百合ベビーホーム,白百合ベビーホーム,産休明け,,45,07:00,18:00,,祝日及び12/29～1/3は休園、延長保育19:00まで,,Y,,,八王子市,元本郷町二丁目6-20,,,社会福祉法人愛和会,私,,,35.663579,139.319269,http://www.city.hachioji.tokyo.jp/kurashi/kosodate/003/001/hoikujyoitiran/p001265.html,,
35.684935,139.349572,,Point,1057,認可保育所,,わらべ保育園,わらべ保育園,産休明け,,131,07:00,18:00,,祝日及び12/29～1/3は休園、延長保育19:00まで,,,,,八王子市,宇津木町832,,,社会福祉法人清心福祉会,私,,,35.684935,139.349572,http://www.city.hachioji.tokyo.jp/kurashi/kosodate/003/001/hoikujyoitiran/p001265.html,,
35.68322,139.296843,,Point,1058,認可保育所,,からまつ保育園,からまつ保育園,産休明け,,130,07:00,18:00,,祝日及び12/29～1/3は休園、延長保育19:00まで,,,,,八王子市,川口町1543,,,社会福祉法人東京玉葉会,私,,,35.68322,139.296843,http://www.city.hachioji.tokyo.jp/kurashi/kosodate/003/001/hoikujyoitiran/p001265.html,,
35.627064,139.287524,,Point,1059,認可保育所,,館ヶ丘保育園,館ヶ丘保育園,産休明け,,100,07:00,18:00,,祝日及び12/29～1/3は休園、延長保育19:00まで,,,,,八王子市,館町1097,,,社会福祉法人九頭竜会,私,,,35.627064,139.287524,http://www.city.hachioji.tokyo.jp/kurashi/kosodate/003/001/hoikujyoitiran/p001265.html,,
35.663937,139.326674,,Point,1060,認可保育所,,白百合第二ベビーホーム,白百合第二ベビーホーム,産休明け,,30,07:00,18:00,,祝日及び12/29～1/3は休園、延長保育19:00まで,,,,,八王子市,平岡町20-3,,,社会福祉法人愛和会,私,,,35.663937,139.326674,http://www.city.hachioji.tokyo.jp/kurashi/kosodate/003/001/hoikujyoitiran/p001265.html,,
35.673402,139.292641,,Point,1061,認可保育所,,さつき保育園,さつき保育園,産休明け,,102,07:30,18:30,,祝日及び12/29～1/3は休園、延長保育19:00まで,,,,,八王子市,大楽寺町347-1,,,社会福祉法人報徳福祉会,私,,,35.673402,139.292641,http://www.city.hachioji.tokyo.jp/kurashi/kosodate/003/001/hoikujyoitiran/p001265.html,,
35.667373,139.342359,,Point,1062,認可保育所,,省我保育園,省我保育園,産休明け,,100,07:30,18:30,,祝日及び12/29～1/3は休園、延長保育19:00まで,,,,,八王子市,大和田町七丁目6-17,,,社会福祉法人省我会,私,,,35.667373,139.342359,http://www.city.hachioji.tokyo.jp/kurashi/kosodate/003/001/hoikujyoitiran/p001265.html,,
35.649461,139.304652,,Point,1063,認可保育所,,たんぽぽ保育園,たんぽぽ保育園,産休明け,,71,07:15,18:15,,祝日及び12/29～1/3は休園、延長保育19:15まで,,Y,,,八王子市,散田町五丁目17-20,,,社会福祉法人童愛会,私,,,35.649461,139.304652,http://www.city.hachioji.tokyo.jp/kurashi/kosodate/003/001/hoikujyoitiran/p001265.html,,
35.62697,139.35862,,Point,1064,認可保育所,,なみのり保育園,なみのり保育園,産休明け,,100,07:00,18:00,,祝日及び12/29～1/3は休園、延長保育19:00まで,,,,,八王子市,中山858,,,社会福祉法人長慶福祉会,私,,,35.62697,139.35862,http://www.city.hachioji.tokyo.jp/kurashi/kosodate/003/001/hoikujyoitiran/p001265.html,,
35.672291,139.296521,,Point,1065,認可保育所,,フエロー保育園,フエロー保育園,産休明け,,30,07:15,18:15,,祝日及び12/29～1/3は休園、延長保育なし,,,,,八王子市,大楽寺町508-1,,,社会福祉法人八王子ふじみ会,私,,,35.672291,139.296521,http://www.city.hachioji.tokyo.jp/kurashi/kosodate/003/001/hoikujyoitiran/p001265.html,,
35.66418,139.360938,,Point,1066,認可保育所,,南原台保育園,南原台保育園,産休明け,,100,07:30,18:30,,祝日及び12/29～1/3は休園、延長保育なし,,,,,八王子市,大和田町一丁目3-14,,,社会福祉法人愛真会,私,,,35.66418,139.360938,http://www.city.hachioji.tokyo.jp/kurashi/kosodate/003/001/hoikujyoitiran/p001265.html,,
35.680531,139.267212,,Point,1067,認可保育所,,元木保育園,元木保育園,3か月,,60,07:15,18:15,,祝日及び12/29～1/3は休園、延長保育なし,,,,,八王子市,下恩方町595,,,社会福祉法人ゆうやけ会,私,,,35.680531,139.267212,http://www.city.hachioji.tokyo.jp/kurashi/kosodate/003/001/hoikujyoitiran/p001265.html,,
35.655039,139.334474,,Point,1068,認可保育所,,よろず保育園,よろず保育園,産休明け,,102,07:00,18:00,,祝日及び12/29～1/3は休園、延長保育19:00まで,,,,,八王子市,万町3-1,,,社会福祉法人月峰会,私,,,35.655039,139.334474,http://www.city.hachioji.tokyo.jp/kurashi/kosodate/003/001/hoikujyoitiran/p001265.html,,
35.667561,139.30852,,Point,1069,認可保育所,,横川保育園,横川保育園,産休明け,,92,07:30,18:30,,祝日及び12/29～1/3は休園、延長保育19:00まで,,Y,,,八王子市,横川町108,,,社会福祉法人共栄会,私,,,35.667561,139.30852,http://www.city.hachioji.tokyo.jp/kurashi/kosodate/003/001/hoikujyoitiran/p001265.html,,
35.62352,139.309375,,Point,1070,認可保育所,,白百合寺田保育園,白百合寺田保育園,産休明け,,120,07:00,18:00,,祝日及び12/29～1/3は休園、延長保育19:00まで,,,,,八王子市,寺田町432-126,,,社会福祉法人愛和会,私,,,35.62352,139.309375,http://www.city.hachioji.tokyo.jp/kurashi/kosodate/003/001/hoikujyoitiran/p001265.html,,
35.608425,139.381819,,Point,1071,認可保育所,,由木あすなろ保育園,由木あすなろ保育園,産休明け,,110,07:00,18:00,,祝日及び12/29～1/3は休園、延長保育19:00まで,,Y,,,八王子市,南大沢三丁目6-1,,,社会福祉法人花窓堂,私,,,35.608425,139.381819,http://www.city.hachioji.tokyo.jp/kurashi/kosodate/003/001/hoikujyoitiran/p001265.html,,
35.609586,139.378708,,Point,1072,認可保育所,,南大沢保育園,南大沢保育園,産休明け,,129,07:00,18:00,,祝日及び12/29～1/3は休園、延長保育19:00まで,,,,,八王子市,南大沢四丁目11,,,社会福祉法人九頭竜会,私,,,35.609586,139.378708,http://www.city.hachioji.tokyo.jp/kurashi/kosodate/003/001/hoikujyoitiran/p001265.html,,
35.686141,139.36044,,Point,1073,認可保育所,,わらべうつき台保育園,わらべうつき台保育園,産休明け,,160,07:00,18:00,,祝日及び12/29～1/3は休園、延長保育20:00まで,,,,,八王子市,久保山町一丁目21,,,社会福祉法人清心福祉会,私,,,35.686141,139.36044,http://www.city.hachioji.tokyo.jp/kurashi/kosodate/003/001/hoikujyoitiran/p001265.html,,
35.611275,139.370767,,Point,1074,認可保育所,,誠美保育園,誠美保育園,産休明け,,110,07:00,18:00,,祝日及び12/29～1/3は休園、延長保育19:00まで,,,,,八王子市,南大沢五丁目12,,,社会福祉法人誠美福祉会,私,,,35.611275,139.370767,http://www.city.hachioji.tokyo.jp/kurashi/kosodate/003/001/hoikujyoitiran/p001265.html,,
35.617816,139.397912,,Point,1075,認可保育所,,やまと第一保育園,やまと第一保育園,産休明け,,120,07:30,18:30,,祝日及び12/29～1/3は休園、延長保育19:00まで,,,,,八王子市,別所二丁目32,,,社会福祉法人東やまと会,私,,,35.617816,139.397912,http://www.city.hachioji.tokyo.jp/kurashi/kosodate/003/001/hoikujyoitiran/p001265.html,,
35.616463,139.370792,,Point,1076,認可保育所,,敬愛フレンド保育園,敬愛フレンド保育園,産休明け,,130,07:00,18:00,,祝日及び12/29～1/3は休園、延長保育19:00まで,,Y,,,八王子市,上柚木三丁目7,,,社会福祉法人敬愛学園,私,,,35.616463,139.370792,http://www.city.hachioji.tokyo.jp/kurashi/kosodate/003/001/hoikujyoitiran/p001265.html,,
35.618505,139.393637,,Point,1077,認可保育所,,このみ保育園,このみ保育園,産休明け,,100,07:00,18:00,,祝日及び12/29～1/3は休園、延長保育19:00まで,,,,,八王子市,別所1丁目33-1,,,社会福祉法人のぞみの会,私,,,35.618505,139.393637,http://www.city.hachioji.tokyo.jp/kurashi/kosodate/003/001/hoikujyoitiran/p001265.html,,
35.620513,139.37993,,Point,1078,認可保育所,,なみのり第二保育園,なみのり第二保育園,産休明け,,110,07:00,18:00,,祝日及び12/29～1/3は休園、延長保育19:00まで,,,,,八王子市,下柚木三丁目5,,,社会福祉法人長慶福祉会,私,,,35.620513,139.37993,http://www.city.hachioji.tokyo.jp/kurashi/kosodate/003/001/hoikujyoitiran/p001265.html,,
35.613927,139.368459,,Point,1079,認可保育所,,光明第八保育園,光明第八保育園,産休明け,,128,07:30,18:30,,祝日及び12/29～1/3は休園、延長保育19:00まで,,Y,,,八王子市,上柚木三丁目13-2,,,社会福祉法人多摩養育園,私,,,35.613927,139.368459,http://www.city.hachioji.tokyo.jp/kurashi/kosodate/003/001/hoikujyoitiran/p001265.html,,
35.613111,139.390471,,Point,1080,認可保育所,,せいがの森こども園,せいがの森こども園,産休明け,,100,07:00,18:00,,祝日及び12/29～1/3は休園、延長保育19:00まで,,,,,八王子市,別所一丁目７３,,,社会福祉法人省我会,私,,,35.613111,139.390471,http://www.city.hachioji.tokyo.jp/kurashi/kosodate/003/001/hoikujyoitiran/p001265.html,,
35.611419,139.364337,,Point,1081,認可保育所,,めぐみ第二保育園,めぐみ第二保育園,産休明け,,100,07:00,18:00,,祝日及び12/29～1/3は休園、延長保育19:00まで,,,,,八王子市,鑓水二丁目79,,,社会福祉法人公徳福祉会,私,,,35.611419,139.364337,http://www.city.hachioji.tokyo.jp/kurashi/kosodate/003/001/hoikujyoitiran/p001265.html,,
35.6591,139.347784,,Point,1082,認可保育所,,つくし保育園,つくし保育園,産休明け,,30,07:00,18:00,,祝日及び12/29～1/3は休園、延長保育19:00まで,,,,,八王子市,明神町一丁目22-20,,,社会福祉法人月峰会,私,,,35.6591,139.347784,http://www.city.hachioji.tokyo.jp/kurashi/kosodate/003/001/hoikujyoitiran/p001265.html,,
35.622898,139.318771,,Point,1083,認可保育所,,みなみ野さゆり保育園,みなみ野さゆり保育園,産休明け,,100,07:30,18:30,,祝日及び12/29～1/3は休園、延長保育19:30まで,,,,,八王子市,七国五丁目14-1,,,社会福祉法人愛信芳主会,私,,,35.622898,139.318771,http://www.city.hachioji.tokyo.jp/kurashi/kosodate/003/001/hoikujyoitiran/p001265.html,,
35.644434,139.290011,,Point,1084,認可保育所,,敬愛たかお保育園,敬愛たかお保育園,産休明け,,80,07:00,18:00,,祝日及び12/29～1/3は休園、延長保育19:00まで,,,,,八王子市,東浅川町550-32,,,社会福祉法人敬愛学園,私,,,35.644434,139.290011,http://www.city.hachioji.tokyo.jp/kurashi/kosodate/003/001/hoikujyoitiran/p001265.html,,
35.627231,139.391004,,Point,1085,認可保育所,,まつの木保育園,まつの木保育園,産休明け,,100,07:30,18:30,,祝日及び12/29～1/3は休園、延長保育19:30まで,,,,,八王子市,松木　6-2,,,社会福祉法人寿仁会,私,,,35.627231,139.391004,http://www.city.hachioji.tokyo.jp/kurashi/kosodate/003/001/hoikujyoitiran/p001265.html,,
35.645432,139.354764,,Point,1086,認可保育所,,敬愛きたの保育園,敬愛きたの保育園,産休明け,,80,07:00,18:00,,祝日及び12/29～1/3は休園、延長保育19:00まで,,,,,八王子市,北野町545－3 ,,,社会福祉法人敬愛学園,私,,,35.645432,139.354764,http://www.city.hachioji.tokyo.jp/kurashi/kosodate/003/001/hoikujyoitiran/p001265.html,,
35.616372,139.32146,,Point,1087,認可保育所,,みなみ野敬愛保育園,みなみ野敬愛保育園,産休明け,,130,07:00,18:00,,祝日及び12/29～1/3は休園、延長保育19:00まで,,Y,,,八王子市,七国3-53-1,,,社会福祉法人敬愛学園,私,,,35.616372,139.32146,http://www.city.hachioji.tokyo.jp/kurashi/kosodate/003/001/hoikujyoitiran/p001265.html,,
35.623552,139.399316,,Point,1088,認可保育所,,駅前なかよし保育園第１,駅前なかよし保育園第１,産休明け,,80,07:00,18:00,,祝日及び12/29～1/3は休園、延長保育19:00まで,,Y,,,八王子市,別所一丁目9-3,,,社会福祉法人育美会,私,,,35.623552,139.399316,http://www.city.hachioji.tokyo.jp/kurashi/kosodate/003/001/hoikujyoitiran/p001265.html,,
35.681172,139.371875,,Point,1089,認可保育所,,ひなた保育園,ひなた保育園,産休明け,,125,07:30,18:30,,祝日及び12/29～1/3は休園、延長保育19:30まで,,Y,,,八王子市,石川町1094-2,,,社会福祉法人鶴見会,私,,,35.681172,139.371875,http://www.city.hachioji.tokyo.jp/kurashi/kosodate/003/001/hoikujyoitiran/p001265.html,,
35.665418,139.36041,,Point,1090,認可保育所,,敬愛ハーモニー保育園,敬愛ハーモニー保育園,産休明け,,70,07:00,18:00,,祝日及び12/29～1/3は休園、延長保育19:00まで,,,,,八王子市,大和田町二丁目20-2,,,社会福祉法人敬愛学園,私,,,35.665418,139.36041,http://www.city.hachioji.tokyo.jp/kurashi/kosodate/003/001/hoikujyoitiran/p001265.html,,
35.627856,139.331914,,Point,1091,認可保育所,,さゆりの丘保育園,さゆりの丘保育園,産休明け,,160,07:30,18:30,,祝日及び12/29～1/3は休園、延長保育19:30まで,,,,,八王子市,宇津貫町945,,,社会福祉法人愛信芳主会,私,,,35.627856,139.331914,http://www.city.hachioji.tokyo.jp/kurashi/kosodate/003/001/hoikujyoitiran/p001265.html,,
35.635839,139.388926,,Point,1092,認可保育所,,わらべ里山保育園,わらべ里山保育園,産休明け,,102,07:15,18:15,,祝日及び12/29～1/3は休園、延長保育20:15まで,,Y,,,八王子市,堀之内1200,,,社会福祉法人清心福祉会,私,,,35.635839,139.388926,http://www.city.hachioji.tokyo.jp/kurashi/kosodate/003/001/hoikujyoitiran/p001265.html,,
35.647989,139.298908,,Point,1093,認可保育所,,敬愛クレヨン保育園,敬愛クレヨン保育園,産休明け,,80,07:00,18:00,,祝日及び12/29～1/3は休園、延長保育19:00まで,,,,,八王子市,散田町五丁目8-20,,,社会福祉法人敬愛学園,私,,,35.647989,139.298908,http://www.city.hachioji.tokyo.jp/kurashi/kosodate/003/001/hoikujyoitiran/p001265.html,,
35.636835,139.310979,,Point,1094,認可保育所,,白百合椚田保育園,白百合椚田保育園,産休明け,,100,07:00,18:00,,祝日及び12/29～1/3は休園、延長保育19:00まで,,Y,,,八王子市,椚田町529-5,,,社会福祉法人愛和会,私,,,35.636835,139.310979,http://www.city.hachioji.tokyo.jp/kurashi/kosodate/003/001/hoikujyoitiran/p001265.html,,
35.666681,139.327121,,Point,1095,認可保育所,,フエロー第二保育園,フエロー第二保育園,産休明け,,35,07:15,18:15,,祝日及び12/29～1/3は休園、延長保育なし,,,,,八王子市,中野上町一丁目15-8,,,社会福祉法人八王子ふじみ会,私,,,35.666681,139.327121,http://www.city.hachioji.tokyo.jp/kurashi/kosodate/003/001/hoikujyoitiran/p001265.html,,
35.610167,139.361262,,Point,1096,認可保育所,,若葉の丘保育園,若葉の丘保育園,3か月,,105,07:00,18:00,,祝日及び12/29～1/3は休園、延長保育19:00まで,,,,,八王子市,鑓水二丁目77,,,社会福祉法人明王会,私,,,35.610167,139.361262,http://www.city.hachioji.tokyo.jp/kurashi/kosodate/003/001/hoikujyoitiran/p001265.html,,
35.626579,139.400427,,Point,1097,認可保育所,,駅前なかよし保育園第２,駅前なかよし保育園第２,3歳,,120,07:00,18:00,,祝日及び12/29～1/3は休園、延長保育19:00まで,,Y,,,八王子市,堀之内三丁目30-7,,,社会福祉法人育美会,私,,,35.626579,139.400427,http://www.city.hachioji.tokyo.jp/kurashi/kosodate/003/001/hoikujyoitiran/p001265.html,,
35.645399,139.351267,,Point,1098,認可保育所,,北野ひなた保育園,北野ひなた保育園,産休明け,,79,07:30,18:30,,祝日及び12/29～1/3は休園、延長保育19:30まで,,,,,八王子市,打越町2003-4　,,,社会福祉法人鶴見会,私,,,35.645399,139.351267,http://www.city.hachioji.tokyo.jp/kurashi/kosodate/003/001/hoikujyoitiran/p001265.html,,
35.639651,139.283018,,Point,1099,認可保育所,,みころん保育園,みころん保育園,産休明け,,50,07:30,18:30,,祝日及び12/29～1/3は休園、延長保育19:00まで,,,,,八王子市,初沢町1303番地,,,学校法人松徳学園,私,,,35.639651,139.283018,http://www.city.hachioji.tokyo.jp/kurashi/kosodate/003/001/hoikujyoitiran/p001265.html,,
35.64132,139.282387,,Point,1100,認可保育所,,みころん保育園分園,みころん保育園分園,産休明け,,20,07:30,18:30,,祝日及び12/29～1/3は休園、延長保育19:00まで,,,,,八王子市,初沢町1348,,,学校法人松徳学園,私,,,35.64132,139.282387,http://www.city.hachioji.tokyo.jp/kurashi/kosodate/003/001/hoikujyoitiran/p001265.html,,
35.640231,139.294317,,Point,1101,認可保育所,,保育園コスモ・アレー,保育園コスモ・アレー,産休明け,,30,07:30,18:30,,祝日及び12/29～1/3は休園、延長保育19:00まで,,,,,八王子市,東浅川町709-1 ,,,株式会社コスモ・アレー,私,,,35.640231,139.294317,http://www.city.hachioji.tokyo.jp/kurashi/kosodate/003/001/hoikujyoitiran/p001265.html,,
35.611194,139.382552,,Point,1102,認可保育所,,京王キッズプラッツ南大沢,京王キッズプラッツ南大沢,産休明け,,30,07:00,18:00,,祝日及び12/29～1/3は休園、延長保育19:00まで,,,,,八王子市,南大沢二丁目２７番地　,,,株式会社京王子育てサポート,私,,,35.611194,139.382552,http://www.city.hachioji.tokyo.jp/kurashi/kosodate/003/001/hoikujyoitiran/p001265.html,,
35.64081,139.341024,,Point,1103,認可保育所,,星の子保育園,星の子保育園,産休明け,,84,07:00,18:00,,祝日及び12/29～1/3は休園、延長保育19:00まで,,,,,八王子市,片倉町704-14,,,一般社団法人星の子保育園,私,,,35.64081,139.341024,http://www.city.hachioji.tokyo.jp/kurashi/kosodate/003/001/hoikujyoitiran/p001265.html,,
35.62498,139.401776,,Point,1104,認可保育所,,堀之内プチ・クレイシュ,堀之内プチ・クレイシュ,産休明け,,60,07:00,18:00,,祝日及び12/29～1/3は休園、延長保育20:00まで,,,,,八王子市,別所二丁目2-1,,,株式会社こどもの森,私,,,35.62498,139.401776,http://www.city.hachioji.tokyo.jp/kurashi/kosodate/003/001/hoikujyoitiran/p001265.html,,
35.65206,139.304538,,Point,1105,認可保育所,,敬愛シンフォニー保育園,敬愛シンフォニー保育園,産休明け,,100,07:00,18:00,,祝日及び12/29～1/3は休園、延長保育19:00まで,,,,,八王子市,散田町四丁目7-11,,,社会福祉法人敬愛学園,私,,,35.65206,139.304538,http://www.city.hachioji.tokyo.jp/kurashi/kosodate/003/001/hoikujyoitiran/p001265.html,,
35.65771,139.31154,,Point,1106,認可保育所,,ピノキオ幼児舎西八王子保育園,ピノキオ幼児舎西八王子保育園,産休明け,,46,07:00,18:00,,祝日及び12/29～1/3は休園、延長保育20:30まで,,Y,,,八王子市,千人町二丁目18-7,,,株式会社ピノーコーポレーション,私,,,35.65771,139.31154,http://www.city.hachioji.tokyo.jp/kurashi/kosodate/003/001/hoikujyoitiran/p001265.html,,
35.620941,139.401272,,Point,1107,幼稚園,,真理学園幼稚園,真理学園幼稚園,満３歳,５歳,200,08:40,13:50,,預かり保育 教育時間開始前8：00～8：40、終了後13：50～18：00,,Y,,,八王子市,別所二丁目24,,,学校法人真理学園,私,,,35.620941,139.401272,http://www.kidslink.jp/cgi-bin/indexcgi/index.cgi?efldr=shinri,,
35.639618,139.303346,,Point,1108,幼稚園,,聖徳学園八王子中央幼稚園,聖徳学園八王子中央幼稚園,満３歳,５歳,320,09:00,14:45,,預かり保育 教育時間開始前8：00～9：00、終了後14：45～17：30,,Y,,,八王子市,椚田町1003,,,学校法人東京聖徳学園,私,,,35.639618,139.303346,http://www.seitoku.jp/hachi_yo/,,
35.63249,139.427795,,Point,1109,幼稚園,,聖徳学園多摩中央幼稚園,聖徳学園多摩中央幼稚園,３歳,５歳,400,09:00,14:30,,預かり保育 教育時間開始前8：00～9：00、終了後14：30～17：30,,Y,,,八王子市,鹿島1,,,学校法人東京聖徳学園,私,,,35.63249,139.427795,http://www.seitoku.jp/tama_yo/,,
35.605831,139.380361,,Point,1110,幼稚園,,麻生学園南多摩幼稚園,麻生学園南多摩幼稚園,満３歳,５歳,300,09:00,14:00,,預かり保育 教育時間開始前8：30～9：00、終了後14：00～17：30,,Y,,,八王子市,南大沢三丁目10,,,学校法人麻生学園,私,,,35.605831,139.380361,http://www.ki.aso.ac.jp/minamitama/,,
35.64174,139.419748,,Point,1111,幼稚園,,帝京大学幼稚園,帝京大学幼稚園,３歳,５歳,170,09:30,14:40,,預かり保育 教育時間終了後14：00～18：00,,Y,,,八王子市,大塚359,,,学校法人帝京大学,私,,,35.64174,139.419748,http://www.teikyo-u.ac.jp/teikyo-u-kindergarten/index.html,,
35.657788,139.317533,,Point,1112,幼稚園,,なかよし幼稚園,なかよし幼稚園,３歳,５歳,160,08:45,14:00,,預かり保育 教育時間開始前8：00～8：45、終了後14：00～17：30,,Y,,,八王子市,台町四丁目34－11,,,学校法人八王子学園,私,,,35.657788,139.317533,http://www.hachioji.ed.jp/,,
35.610796,139.369636,,Point,1113,幼稚園,,多摩なかよし幼稚園,多摩なかよし幼稚園,３歳,５歳,270,09:00,14:00,,預かり保育 教育時間開始前8：10～9：00、終了後14：00～17：30,,Y,,,八王子市,南大沢五丁目23,,,学校法人八王子学園,私,,,35.610796,139.369636,http://www.hachioji.ed.jp/,,
35.65078,139.327466,,Point,1114,幼稚園,,八王子実践幼稚園,八王子実践幼稚園,３歳,５歳,240,10:00,14:00,,預かり保育 教育時間終了後14：00～17：00,,Y,,,八王子市,台町一丁目12－15,,,学校法人矢野学園,私,,,35.65078,139.327466,http://hachioji-jissen.com/,,
35.630554,139.418885,,Point,1115,幼稚園,,武蔵野幼稚園,武蔵野幼稚園,満３歳,５歳,300,09:00,14:30,,預かり保育 教育時間開始前8：00～9：00、終了後14：30～17：30,,Y,,,八王子市,松が谷24,,,学校法人金子学園,私,,,35.630554,139.418885,http://www.k-musashino.ac.jp/,,
35.616083,139.370329,,Point,1116,幼稚園,,柚木武蔵野幼稚園,柚木武蔵野幼稚園,満３歳,５歳,280,09:00,14:30,,預かり保育 教育時間開始前8：00～9：00、終了後14：30～17：30,,Y,,,八王子市,上柚木三丁目8,,,学校法人金子学園,私,,,35.616083,139.370329,http://www.y-musashino.jp/,,
35.630381,139.346524,,Point,1117,幼稚園,,サンライズ幼稚園,サンライズ幼稚園,３歳,５歳,280,09:00,13:30,,預かり保育 教育時間終了後13：30～16：30,,Y,,,八王子市,片倉町1296－6,,,学校法人市川学園,私,,,35.630381,139.346524,http://sunrise.ed.jp/,,
35.667733,139.306681,,Point,1118,幼稚園,,横川幼稚園,横川幼稚園,３歳,５歳,180,07:30,18:30,,延長保育17：00～18：30まで、預かり保育　教育時間開始前7：30～9：00、教育時間終了後15：00～18：30,,Y,,,八王子市,横川町209,,,学校法人杉の子学園,私,,,35.667733,139.306681,http://www.yokokawa-kinder.com/,,
35.656612,139.310988,,Point,1119,幼稚園,,よこかわキッズステーション,よこかわキッズステーション,1歳,2歳,26,07:30,18:30,,延長保育17：00～18：30まで,,Y,,,八王子市,散田町3-1-16-101,,,学校法人杉の子学園,私,,,35.656612,139.310988,http://www.yokokawa-kinder.com/,,
35.622187,139.307623,,Point,1120,幼稚園,,グリーンヒル幼稚園,グリーンヒル幼稚園,３歳,５歳,350,10:00,14:00,,預かり保育 教育時間開始前8：00～10：00、終了後14：00～18：00,,Y,,,八王子市,寺田町432,,,学校法人池谷学園,私,,,35.622187,139.307623,http://www.greenhill.jp/,,
35.660412,139.303349,,Point,1121,幼稚園,,八王子白百合幼稚園,八王子白百合幼稚園,３歳,５歳,380,09:00,14:00,,預かり保育 教育時間開始前7：30～9：00、終了後14：00～18：20,,Y,,,八王子市,長房町75－1,,,学校法人白峰学園,私,,,35.660412,139.303349,http://www.sirayuriyouchien.ed.jp/,,
35.675055,139.314978,,Point,1122,幼稚園,,なかの幼稚園,なかの幼稚園,満３歳,５歳,400,08:30,14:00,,預かり保育 教育時間開始前7：30～8：30、終了後14：00～17：30,,Y,,,八王子市,中野上町五丁目32－13,,,学校法人八王子中村学園,私,,,35.675055,139.314978,http://www.nakano-kd.ed.jp/,,
35.641546,139.363799,,Point,1123,幼稚園,,長沼幼稚園,長沼幼稚園,３歳,５歳,210,09:00,14:00,,預かり保育 教育時間開始前8：00～9：00、終了後14：00～18：00,,Y,,,八王子市,長沼町960－11,,,学校法人東京音楽学院,私,,,35.641546,139.363799,http://www.toonngnm.ed.jp/,,
35.661346,139.331929,,Point,1124,幼稚園,,本町幼稚園,本町幼稚園,満３歳,５歳,240,09:00,14:00,,預かり保育 教育時間開始前8：00～9：00、終了後14：00～17：00,,Y,,,八王子市,本町16－3,,,宗教法人カトリック東京大司教区,私,,,35.661346,139.331929,http://honyou.sakura.ne.jp/,,
35.687245,139.311448,,Point,1125,幼稚園,,犬目幼稚園,犬目幼稚園,満３歳,５歳,320,09:00,14:00,,預かり保育 教育時間開始前8：00～9：00、終了後14：00～18：00,,Y,,,八王子市,犬目町488,,,学校法人秋山学園,私,,,35.687245,139.311448,http://inume.ed.jp/,,
35.647422,139.318645,,Point,1126,幼稚園,,永明院ルンビニ幼稚園,永明院ルンビニ幼稚園,３歳,５歳,175,09:00,14:00,,預かり保育 教育時間開始前8：00～9：00、終了後14：00～17：00,,Y,,,八王子市,山田町1622,,,学校法人永明学院,私,,,35.647422,139.318645,http://ルンビニ幼稚園.com/,,
35.654929,139.303313,,Point,1127,幼稚園,,セント・ベル幼稚園,セント・ベル幼稚園,３歳,５歳,210,09:00,14:00,,預かり保育 教育時間開始前8：00～9：00、終了後14：00～17：00,,Y,,,八王子市,並木町33－2,,,（個人立）,私,,,35.654929,139.303313,http://stbell-int.com/,,
35.645831,139.296852,,Point,1128,幼稚園,,高尾幼稚園,高尾幼稚園,満３歳,５歳,420,08:30,14:00,,預かり保育 教育時間開始前7：30～8：30、終了後14：00～18：30,,Y,,,八王子市,東浅川町515－5,,,学校法人平成学園,私,,,35.645831,139.296852,http://takao.ed.jp/,,
35.627681,139.294789,,Point,1129,幼稚園,,たてまち幼稚園,たてまち幼稚園,３歳,５歳,240,09:00,14:00,,預かり保育 教育時間開始前8：00～9：00、終了後14：00～17：00,,Y,,,八王子市,館町2435,,,（個人立）,私,,,35.627681,139.294789,http://www.tatemachi-k.jp/,,
35.616217,139.327183,,Point,1130,幼稚園,,東京ゆりかご幼稚園,東京ゆりかご幼稚園,３歳,５歳,240,09:00,14:00,,預かり保育 教育時間開始前8：00～9：00、終了後14：00～18：00,,Y,,,八王子市,七国3-50-2,,,学校法人東京内野学園,私,,,35.616217,139.327183,http://www.tokyo-yurikago.ed.jp/,,
35.677809,139.291646,,Point,1131,幼稚園,,八王子桑の実幼稚園,八王子桑の実幼稚園,満３歳,５歳,280,09:00,14:00,,預かり保育 教育時間開始前8：00～9：00、終了後14：00～18：00,,Y,,,八王子市,諏訪町212,,,学校法人城東学園,私,,,35.677809,139.291646,http://www.kuwanomi.ed.jp/,,
35.696022,139.333842,,Point,1132,幼稚園,,八王子すみれ幼稚園,八王子すみれ幼稚園,３歳,５歳,175,10:00,14:00,,預かり保育 教育時間開始前8：30～10：00、終了後14：00～17：30,,Y,,,八王子市,丹木町二丁目355,,,学校法人浦野学園,私,,,35.696022,139.333842,,,
35.639179,139.283096,,Point,1133,幼稚園,,みころも幼稚園,みころも幼稚園,３歳,５歳,315,07:30,18:30,,延長保育18：30まで、預かり保育 教育時間開始前7：30～9：00、終了後14：00～18：30,,Y,,,八王子市,初沢町1310,,,学校法人松徳学園,私,,,35.639179,139.283096,http://www.mikoromo.net/,,
35.662409,139.283919,,Point,1134,幼稚園,,元八王子幼稚園,元八王子幼稚園,３歳,５歳,315,07:30,17:30,,延長保育17：30まで、預かり保育 教育時間開始前7：30～8：30、終了後14：30～17：30,,Y,,,八王子市,元八王子町二丁目1012－3,,,（個人立）,私,,,35.662409,139.283919,http://www.ans.co.jp/k/motohachiouji,,
35.660441,139.347889,,Point,1135,幼稚園,,かしわ幼稚園,かしわ幼稚園,満３歳,５歳,385,09:30,14:00,,預かり保育 教育時間終了後14：00～16：30,,Y,,,八王子市,明神町一丁目20－7,,,学校法人かしわ学園,私,,,35.660441,139.347889,http://www.kashiwagakuen.ed.jp/,,
35.660155,139.341195,,Point,1136,幼稚園,,聖公会八王子幼稚園,聖公会八王子幼稚園,満３歳,５歳,70,09:00,14:00,,預かり保育 教育時間終了後14：00～17：00,,Y,,,八王子市,新町1－11,,,学校法人光の子ども学園,私,,,35.660155,139.341195,https://www.hachiyo.net/,,
35.657296,139.329952,,Point,1137,幼稚園,,八王子幼稚園,八王子幼稚園,３歳,５歳,105,09:00,14:30,,預かり保育 教育時間開始前8：00～9：00、終了後14：30～17：30,,Y,,,八王子市,天神町22-1,,,学校法人八王子キリスト学園,私,,,35.657296,139.329952,http://hachiojiyochien.com/,,
35.631925,139.365317,,Point,1138,幼稚園,,おさひめ幼稚園,おさひめ幼稚園,満３歳,５歳,350,09:00,14:00,,預かり保育 教育時間開始前7：00～9：00、終了後14：00～19：00,,Y,,,八王子市,下柚木1982,,,学校法人長姫傳田学園,私,,,35.631925,139.365317,http://www.osahime.com/,,
35.667052,139.354144,,Point,1139,認可保育所,,キッズスペースドリーム大和田,キッズスペースドリーム大和田,産休明け,2歳児,18,07:00,18:00,,祝日及び12/29～1/3は休園、延長保育なし,,,,,八王子市,大和田町4-21-6,,,一般社団法人どりーむ,,,,35.667052,139.354144,,,
35.668445,139.322344,,Point,1140,認可保育所,,こばと保育園,こばと保育園,産休明け,2歳児,12,07:30,18:30,,祝日及び12/29～1/3は休園、延長保育なし,,,,,八王子市,中野上町1-32-19,,,株式会社こばと,,,,35.668445,139.322344,https://www.kobato-hoikuen.com/,,
35.65611,139.311142,,Point,1141,認可保育所,,わくわくランド,わくわくランド,産休明け,2歳児,12,08:00,17:00,,祝日及び12/29～1/3は休園、延長保育なし,,,,,八王子市,千人町3-1-8,,,（個人立）,,,,35.65611,139.311142,http://www.wakuwaku-land.net/,,
35.650414,139.338193,,Point,1142,認可外,,キッズルームあおい,キッズルームあおい,産休明け,2歳児,18,07:00,18:00,,祝日及び12/29～1/3は休園、延長保育19:00まで,,,,,八王子市,子安町3-23-14,,,医療法人社団葵会,,,Y,35.650414,139.338193,,,
35.644735,139.351911,,Point,1143,認可外,,テクノすくすく保育園,テクノすくすく保育園,1歳,2歳児,5,07:30,18:30,,祝日及び12/29～1/3は休園、延長保育なし,,,,,八王子市,打越町2002-7,,,株式会社日本テクノス,,,Y,35.644735,139.351911,,,
35.68942,139.32852,,Point,1144,認可外,,創価大学つばさ保育所,創価大学つばさ保育所,産休明け,2歳児,10,08:00,19:00,,祝日及び12/29～1/3は休園、延長保育19:30まで,,,,,八王子市,丹木町1-236,,,学校法人創価大学,,,Y,35.68942,139.32852,,,
35.65386,139.30389,,Point,1145,認可外,,サニー・ベル,サニー・ベル,6か月,2歳児,9,07:30,18:30,,祝日及び12/29～1/3は休園、延長保育なし,,,,,八王子市,並木町36-19,,,（個人立）,,,Y,35.65386,139.30389,,,
35.622121,139.31733,,Point,1146,認可外,,クラージュ保育園,クラージュ保育園,産休明け,2歳児,12,07:00,18:00,,祝日及び12/29～1/3は休園、延長保育20:00まで,,,,,八王子市,七国4-13-1,,,医療法人社団CSDS,,,Y,35.622121,139.31733,,,
35.675116,139.314425,,Point,1147,認可外,,なかの幼稚園内保育所さくら,なかの幼稚園内保育所さくら,1歳,2歳児,5,08:00,17:00,,祝日及び12/29～1/3は休園、延長保育なし,,,,,八王子市,中野上町5-39-15,,,学校法人八王子中村学園,,,Y,35.675116,139.314425,,,
35.64386,139.367313,,Point,1148,認可外,,安斉洋子,安斉洋子,産休明け,2歳児,3,08:00,17:00,,祝日及び12/29～1/3は休園,,,,,八王子市,長沼町738-22,,,（個人立）,,,,35.64386,139.367313,,,
35.62704,139.39957,,Point,1149,認可外,,ピッコロ保育室,ピッコロ保育室,産休明け,2歳児,4,08:30,16:30,,祝日及び12/29～1/3は休園,,,,,八王子市,堀之内3-3-28,,,（個人立）,,,,35.62704,139.39957,,,
35.664319,139.354852,,Point,1150,認可外,,めだかの子家庭保育室,めだかの子家庭保育室,産休明け,2歳児,5,08:00,17:00,,祝日及び12/29～1/3は休園,,,,,八王子市,大和田町4-8-12,,,（個人立）,,,,35.664319,139.354852,,,
35.663145,139.284528,,Point,1151,認可外,,木村卯多子,木村卯多子,産休明け,2歳児,2,08:00,17:00,,祝日及び12/29～1/3は休園,,,,,八王子市,元八王子町2-1354-13,,,（個人立）,,,,35.663145,139.284528,,,
35.665556,139.309542,,Point,1152,認可外,,mignon bébé（ミニヨンベベ）,mignon bébé（ミニヨンベベ）,産休明け,2歳児,3,08:00,17:00,,祝日及び12/29～1/3は休園,,,,,八王子市,横川町108-171,,,（個人立）,,,,35.665556,139.309542,,,
35.646409,139.333146,,Point,1153,認可外,,川和由美子,川和由美子,産休明け,2歳児,3,08:00,17:00,,祝日及び12/29～1/3は休園,,,,,八王子市,片倉町14-2,,,（個人立）,,,,35.646409,139.333146,,,
35.640304,139.308196,,Point,1154,認可外,,平井律子,平井律子,産休明け,2歳児,3,08:30,17:00,,祝日及び12/29～1/3は休園,,,,,八王子市,めじろ台3-42-5,,,（個人立）,,,,35.640304,139.308196,,,
35.680988,139.314375,,Point,1155,認可外,,オーシャンキッズルーム,オーシャンキッズルーム,産休明け,2歳児,5,08:30,17:00,,祝日及び12/29～1/3は休園,,,,,八王子市,犬目町221-4,,,（個人立）,,,,35.680988,139.314375,,,
35.628781,139.29902,,Point,1156,認可外,,こにし保育ママの家,こにし保育ママの家,産休明け,2歳児,4,08:00,17:00,,祝日及び12/29～1/3は休園,,,,,八王子市,館町1915-10,,,（個人立）,,,,35.628781,139.29902,,,
35.624795,139.314044,,Point,1157,認可外,,丘の上保育室,丘の上保育室,産休明け,2歳児,5,08:30,17:00,,祝日及び12/29～1/3は休園,,,,,八王子市,大船町156-38,,,（個人立）,,,,35.624795,139.314044,,,
35.629128,139.373369,,Point,1158,認可外,,由木めぐみ野保育室,由木めぐみ野保育室,産休明け,2歳児,3,08:30,17:00,,祝日及び12/29～1/3は休園,,,,,八王子市,下柚木1400-47,,,（個人立）,,,,35.629128,139.373369,,,
35.676479,139.294127,,Point,1159,認可外,,峰岸百合,峰岸百合,産休明け,2歳児,4,08:00,17:00,,祝日及び12/29～1/3は休園,,,,,八王子市,諏訪町156,,,（個人立）,,,,35.676479,139.294127,,,
35.626131,139.321459,,Point,1160,認可外,,スマイルベビールーム,スマイルベビールーム,産休明け,2歳児,5,08:00,17:00,,祝日及び12/29～1/3は休園,,,,,八王子市,みなみ野4-16-13,,,（個人立）,,,,35.626131,139.321459,http://smile-baby-room.com/,,
35.612939,139.36111,,Point,1161,認可外,,おひさまルーム,おひさまルーム,産休明け,2歳児,3,08:00,17:00,,祝日及び12/29～1/3は休園,,,,,八王子市,鑓水2-68-10,,,（個人立）,,,,35.612939,139.36111,,,
35.65503,139.315848,,Point,1162,認可外,,保育室ももの木,保育室ももの木,産休明け,2歳児,5,08:00,17:00,,祝日及び12/29～1/3は休園,,,,,八王子市,散田町1-2-3,,,（個人立）,,,,35.65503,139.315848,,,
35.662735,139.331224,,Point,1163,認可外,,ベビールームアンジュ,ベビールームアンジュ,産休明け,2歳児,3,08:00,17:00,,祝日及び12/29～1/3は休園,,,,,八王子市,本町22-9,,,（個人立）,,,,35.662735,139.331224,,,
35.634827,139.346351,,Point,1164,認可外,,ピヨピヨ保育室ひよっこ,ピヨピヨ保育室ひよっこ,産休明け,2歳児,3,08:00,16:30,,祝日及び12/29～1/3は休園,,,,,八王子市,片倉町937-103,,,（個人立）,,,,35.634827,139.346351,,,
35.686511,139.283577,,Point,1165,認可外,,笠原保育室,笠原保育室,産休明け,2歳児,3,08:00,17:00,,祝日及び12/29～1/3は休園,,,,,八王子市,川口町3715-14,,,（個人立）,,,,35.686511,139.283577,,,
35.657863,139.341984,,Point,1166,認可外,,八王子エンゼルホーム,八王子エンゼルホーム,0歳,5歳児,65,07:00,20:00,,祝日及び12/29～1/3は休園,,Y,,,八王子市,明神町4-7-3,,,（株）チャイルドタイム,,,,35.657863,139.341984,http://www.childtime.co.jp/hachioji/,,
35.633466,139.330994,,Point,1167,認可外,,八王子みなみ野雲母保育園,八王子みなみ野雲母保育園,0歳,5歳児,34,07:00,21:00,,祝日及び12/29～1/3は休園,,Y,,,八王子市,西片倉2-1-3,,,（株）モード・プランニング・ジャパン,,,,35.633466,139.330994,http://www.kirara-hoikuen.com/hoikuen/minamino.html,,
35.656516,139.331681,,Point,1168,認可外,,キッズスペースドリーム,キッズスペースドリーム,0歳,5歳児,39,00:00,00:00,Y,祝日及び12/29～1/3は休園,,Y,,,八王子市,寺町23-5,,,一般社団法人どりーむ,,,,35.656516,139.331681,http://kidsspace-dream.com/offer.html,,
35.654678,139.33889,,Point,1169,認可外,,ココファン・ナーサリー八王子南館,ココファン・ナーサリー八王子南館,0歳,5歳児,40,07:00,20:00,,祝日及び12/29～1/3は休園,,Y,,,八王子市,旭町1-17,,,（株）学研ココファン・ナーサリー,,,,35.654678,139.33889,http://nursery.cocofump.co.jp/nursery_school/hachiouji_minami/,,
35.660018,139.315817,,Point,1170,認可外,,ほっぺるランド西八王子,ほっぺるランド西八王子,0歳,5歳児,26,07:00,20:00,,祝日及び12/29～1/3は休園,,Y,,,八王子市,千人町1-1-11,,,（株）テノ．コーポレーション,,,,35.660018,139.315817,https://hoppel-land.com/introduces/167,,
35.653803,139.336093,,Point,1171,認可外,,ルカ保育園,ルカ保育園,0歳,2歳児,14,07:00,20:00,,祝日及び12/29～1/3は休園,,,,,八王子市,子安町4-13-8,,,（個人立）,,,,35.653803,139.336093,http://www13.plala.or.jp/luka/,,
35.654678,139.33889,,Point,1172,認可保育所,Y,ココファン・ナーサリー八王子北館,ココファン・ナーサリー八王子北館,0歳,2歳児,58,07:00,18:00,,延長保育20時まで,,,,,八王子市,旭町1-1セレオ八王子北館5階,,,株式会社学研ココファン・ナーサリー,,,,35.654678,139.33889,http://nursery.cocofump.co.jp/nursery_school/hachiouji_kita_long/,,
